model,accuracy,precision,recall,f1,roc_auc
logreg,0.8063033486539725,0.7740458015267175,0.7752293577981652,0.774637127578304,0.8693813057998403
rf,0.7971109652002626,0.852760736196319,0.6376146788990825,0.7296587926509186,0.8493294341627868
nb,0.8181221273801708,0.8985200845665962,0.6498470948012233,0.7542147293700089,0.8710141714438544
